condition,description,title,brand,price,product_type,custom_label_0,timestamp
new,New 2024 GMC Terrain,New 2024 GMC Terrain SLE,GMC,29829 USD,SUV,Terrain,10/22/2024 22:31
new,New 2024 GMC Yukon XL,New 2024 GMC Yukon XL AT4,GMC,73767 USD,SUV,Yukon XL,3/31/2024 23:14
new,New 2024 GMC Sierra 1500,New 2024 GMC Sierra 1500 AT4X Crew Cab,GMC,72747 USD,Truck,Sierra 1500,8/29/2024 18:04
new,New 2024 GMC Sierra 1500,New 2024 GMC Sierra 1500 Denali Crew Cab,GMC,71895 USD,Truck,Sierra 1500,3/12/2024 21:24
new,New 2024 GMC Sierra 1500,New 2024 GMC Sierra 1500 Denali Crew Cab,GMC,71895 USD,Truck,Sierra 1500,3/31/2024 4:31
new,New 2024 GMC Sierra 2500 HD,New 2024 GMC Sierra 2500 HD Denali Crew Cab,GMC,71435 USD,Truck,Sierra 2500 HD,6/28/2024 18:01
new,New 2024 GMC Yukon XL,New 2024 GMC Yukon XL SLT,GMC,69666 USD,SUV,Yukon XL,3/17/2024 2:13
new,New 2024 GMC Sierra 1500,New 2024 GMC Sierra 1500 Denali Crew Cab,GMC,69153 USD,Truck,Sierra 1500,3/25/2024 11:51
new,New 2024 GMC Sierra 1500,New 2024 GMC Sierra 1500 Denali Crew Cab,GMC,67515 USD,Truck,Sierra 1500,5/25/2024 7:01
new,New 2024 GMC Sierra 1500,New 2024 GMC Sierra 1500 AT4 Crew Cab,GMC,64294 USD,Truck,Sierra 1500,3/13/2024 2:34
new,New 2024 GMC Sierra 1500,New 2024 GMC Sierra 1500 AT4 Crew Cab,GMC,63257 USD,Truck,Sierra 1500,12/27/2024 10:27
new,New 2024 GMC Sierra 1500,New 2024 GMC Sierra 1500 AT4 Crew Cab,GMC,63257 USD,Truck,Sierra 1500,12/10/2024 7:33
new,New 2024 GMC Sierra 1500,New 2024 GMC Sierra 1500 AT4 Crew Cab,GMC,62567 USD,Truck,Sierra 1500,6/9/2024 15:17
new,New 2024 GMC Sierra 1500,New 2024 GMC Sierra 1500 SLT Crew Cab,GMC,60392 USD,Truck,Sierra 1500,6/2/2024 2:43
new,New 2024 GMC Acadia,New 2024 GMC Acadia Denali,GMC,59386 USD,SUV,Acadia,11/16/2024 7:16
new,New 2024 GMC Acadia,New 2024 GMC Acadia Denali,GMC,57810 USD,SUV,Acadia,3/10/2024 12:28
new,New 2024 GMC Yukon XL,New 2024 GMC Yukon XL AT4,GMC,74597 USD,SUV,Yukon XL,10/19/2024 1:48
new,New 2024 GMC Sierra 1500,New 2024 GMC Sierra 1500 Elevation Crew Cab,GMC,57395 USD,Truck,Sierra 1500,2/12/2024 4:31
new,New 2024 GMC Sierra 1500,New 2024 GMC Sierra 1500 Denali Ultimate Crew Cab,GMC,76528 USD,Truck,Sierra 1500,1/29/2024 1:04
new,New 2024 GMC Sierra 2500 HD,New 2024 GMC Sierra 2500 HD AT4 Crew Cab,GMC,78356 USD,Truck,Sierra 2500 HD,1/28/2024 23:18
new,New 2024 GMC Yukon XL,New 2024 GMC Yukon XL Denali Ultimate,GMC,95662 USD,SUV,Yukon XL,4/10/2024 6:20
new,New 2024 GMC Sierra 2500 HD,New 2024 GMC Sierra 2500 HD AT4X Crew Cab,GMC,94158 USD,Truck,Sierra 2500 HD,1/23/2024 1:19
new,New 2024 GMC Yukon,New 2024 GMC Yukon Denali Ultimate,GMC,92429 USD,SUV,Yukon,6/12/2024 2:39
new,New 2024 GMC Sierra 3500 HD,New 2024 GMC Sierra 3500 HD Denali Ultimate Crew Cab,GMC,91570 USD,Truck,Sierra 3500 HD,5/16/2024 1:37
new,New 2024 GMC Sierra 2500 HD,New 2024 GMC Sierra 2500 HD Denali Ultimate Crew Cab,GMC,87565 USD,Truck,Sierra 2500 HD,3/26/2024 5:38
new,New 2024 GMC Sierra 2500 HD,New 2024 GMC Sierra 2500 HD Denali Ultimate Crew Cab,GMC,87133 USD,Truck,Sierra 2500 HD,4/3/2024 9:38
new,New 2024 GMC Yukon,New 2024 GMC Yukon Denali,GMC,85088 USD,SUV,Yukon,1/13/2024 16:26
new,New 2024 GMC Yukon XL,New 2024 GMC Yukon XL Denali,GMC,82838 USD,SUV,Yukon XL,7/18/2024 1:46
new,New 2024 GMC Sierra 2500 HD,New 2024 GMC Sierra 2500 HD Denali Crew Cab,GMC,81972 USD,Truck,Sierra 2500 HD,8/6/2024 6:27
new,New 2024 GMC Sierra 3500 HD,New 2024 GMC Sierra 3500 HD Denali Crew Cab,GMC,81520 USD,Truck,Sierra 3500 HD,4/17/2024 15:07
new,New 2024 GMC Sierra 3500 HD,New 2024 GMC Sierra 3500 HD Denali Crew Cab,GMC,81360 USD,Truck,Sierra 3500 HD,2/21/2024 9:28
new,New 2024 GMC Sierra 2500 HD,New 2024 GMC Sierra 2500 HD Denali Crew Cab,GMC,81298 USD,Truck,Sierra 2500 HD,5/17/2024 22:48
new,New 2024 GMC Yukon XL,New 2024 GMC Yukon XL Denali,GMC,80981 USD,SUV,Yukon XL,5/8/2024 10:08
new,New 2024 GMC Sierra 2500 HD,New 2024 GMC Sierra 2500 HD Denali Crew Cab,GMC,80582 USD,Truck,Sierra 2500 HD,5/5/2024 8:12
new,New 2024 GMC Sierra 3500 HD,New 2024 GMC Sierra 3500 HD Denali Crew Cab,GMC,80253 USD,Truck,Sierra 3500 HD,5/12/2024 0:57
new,New 2024 GMC Sierra 1500,New 2024 GMC Sierra 1500 Denali Ultimate Crew Cab,GMC,76543 USD,Truck,Sierra 1500,7/15/2024 23:06
new,New 2024 GMC Sierra 1500,New 2024 GMC Sierra 1500 Elevation Crew Cab,GMC,56622 USD,Truck,Sierra 1500,10/13/2024 6:35
new,New 2024 GMC Sierra 2500 HD,New 2024 GMC Sierra 2500 HD Denali Crew Cab,GMC,83875 USD,Truck,Sierra 2500 HD,9/5/2024 10:42
new,New 2024 GMC Sierra 1500,New 2024 GMC Sierra 1500 Elevation Double Cab,GMC,54795 USD,Truck,Sierra 1500,5/11/2024 13:37
new,New 2024 GMC Sierra 1500,New 2024 GMC Sierra 1500 Elevation Double Cab,GMC,45987 USD,Truck,Sierra 1500,8/16/2024 13:59
new,New 2024 GMC Acadia,New 2024 GMC Acadia Elevation,GMC,44640 USD,SUV,Acadia,10/13/2024 17:32
new,New 2024 GMC Acadia,New 2024 GMC Acadia Elevation,GMC,44045 USD,SUV,Acadia,12/12/2024 1:08
new,New 2024 GMC Acadia,New 2024 GMC Acadia Elevation,GMC,43346 USD,SUV,Acadia,4/26/2024 17:31
new,New 2024 GMC Canyon,New 2024 GMC Canyon Elevation Crew Cab,GMC,43307 USD,Truck,Canyon,6/28/2024 10:58
new,New 2024 GMC Canyon,New 2024 GMC Canyon AT4 Crew Cab,GMC,42421 USD,Truck,Canyon,10/19/2024 23:15
new,New 2024 GMC Acadia,New 2024 GMC Acadia Elevation,GMC,42082 USD,SUV,Acadia,7/22/2024 11:57
new,New 2024 GMC Canyon,New 2024 GMC Canyon Elevation Crew Cab,GMC,38533 USD,Truck,Canyon,5/24/2024 3:34
new,New 2024 GMC Sierra 1500,New 2024 GMC Sierra 1500 Pro Regular Cab,GMC,37867 USD,Truck,Sierra 1500,11/21/2024 10:56
new,New 2023 GMC Canyon,New 2023 GMC Canyon Elevation Crew Cab,GMC,35790 USD,Truck,Canyon,5/12/2024 20:33
new,New 2024 GMC Terrain,New 2024 GMC Terrain SLE,GMC,34710 USD,SUV,Terrain,11/27/2024 6:19
new,New 2024 GMC Terrain,New 2024 GMC Terrain SLT,GMC,31482 USD,SUV,Terrain,7/27/2024 17:29
new,New 2024 GMC Terrain,New 2024 GMC Terrain SLE,GMC,29960 USD,SUV,Terrain,10/11/2024 1:51
new,New 2024 GMC Terrain,New 2024 GMC Terrain SLE,GMC,29829 USD,SUV,Terrain,3/25/2024 10:04
new,New 2024 GMC Sierra 1500,New 2024 GMC Sierra 1500 Elevation Crew Cab,GMC,56491 USD,Truck,Sierra 1500,5/17/2024 11:52
new,New 2024 GMC Sierra 1500,New 2024 GMC Sierra 1500 Elevation Double Cab,GMC,46245 USD,Truck,Sierra 1500,9/11/2024 15:21
new,New 2024 GMC Sierra 1500,New 2024 GMC Sierra 1500 Elevation Double Cab,GMC,46419 USD,Truck,Sierra 1500,10/3/2024 17:24
new,New 2024 GMC Terrain,New 2024 GMC Terrain SLE,GMC,31605 USD,SUV,Terrain,7/29/2024 4:43
new,New 2024 GMC Sierra 1500,New 2024 GMC Sierra 1500 SLE Crew Cab,GMC,47800 USD,Truck,Sierra 1500,3/23/2024 10:51
new,New 2024 GMC Sierra 1500,New 2024 GMC Sierra 1500 Elevation Crew Cab,GMC,54575 USD,Truck,Sierra 1500,9/17/2024 7:41
new,New 2024 GMC Sierra 1500,New 2024 GMC Sierra 1500 Pro Regular Cab,GMC,47005 USD,Truck,Sierra 1500,7/15/2024 15:03
new,New 2024 GMC Sierra 1500,New 2024 GMC Sierra 1500 Elevation Crew Cab,GMC,54483 USD,Truck,Sierra 1500,10/9/2024 13:33
new,New 2024 GMC Sierra 2500 HD,New 2024 GMC Sierra 2500 HD SLE Double Cab,GMC,53412 USD,Truck,Sierra 2500 HD,11/4/2024 4:11
new,New 2024 GMC Sierra 1500,New 2024 GMC Sierra 1500 Elevation Crew Cab,GMC,50156 USD,Truck,Sierra 1500,3/30/2024 4:49
new,New 2024 GMC Sierra 1500,New 2024 GMC Sierra 1500 Elevation Crew Cab,GMC,49084 USD,Truck,Sierra 1500,6/2/2024 9:57
new,New 2024 GMC Sierra 1500,New 2024 GMC Sierra 1500 Elevation Crew Cab,GMC,48915 USD,Truck,Sierra 1500,9/15/2024 8:37
new,New 2024 GMC Sierra 1500,New 2024 GMC Sierra 1500 Elevation Crew Cab,GMC,48784 USD,Truck,Sierra 1500,1/17/2024 0:56
new,New 2024 GMC Acadia,New 2024 GMC Acadia AT4,GMC,50969 USD,SUV,Acadia,2/12/2024 2:52
new,New 2024 GMC Sierra 1500,New 2024 GMC Sierra 1500 Elevation Crew Cab,GMC,48784 USD,Truck,Sierra 1500,2/13/2024 15:18
new,New 2024 GMC Sierra 1500,New 2024 GMC Sierra 1500 Elevation Crew Cab,GMC,48784 USD,Truck,Sierra 1500,8/30/2024 9:08
new,New 2024 GMC Sierra 1500,New 2024 GMC Sierra 1500 Elevation Crew Cab,GMC,48768 USD,Truck,Sierra 1500,4/19/2024 2:32
new,New 2024 GMC Acadia,New 2024 GMC Acadia AT4,GMC,48051 USD,SUV,Acadia,6/27/2024 15:01
new,New 2024 GMC Sierra 1500,New 2024 GMC Sierra 1500 Elevation Crew Cab,GMC,48768 USD,Truck,Sierra 1500,6/10/2024 17:28
new,New 2024 GMC Sierra 1500,New 2024 GMC Sierra 1500 Elevation Crew Cab,GMC,48609 USD,Truck,Sierra 1500,3/13/2024 14:40
new,New 2024 GMC Sierra 1500,New 2024 GMC Sierra 1500 Elevation Crew Cab,GMC,48784 USD,Truck,Sierra 1500,2/6/2024 9:28
new,New 2024 GMC Sierra 1500,New 2024 GMC Sierra 1500 Elevation Crew Cab,GMC,48609 USD,Truck,Sierra 1500,8/7/2024 15:10
cpo,Certified 2023 GMC Yukon XL,Certified Pre-Owned 2023 GMC Yukon XL SLT,GMC,64734 USD,SUV,Yukon XL,9/15/2024 4:20
used,Used 2021 GMC Sierra 1500,Pre-Owned 2021 GMC Sierra 1500 SLE Crew Cab,GMC,37212 USD,Truck,Sierra 1500,8/2/2024 5:27
used,Used 2021 Toyota Highlander,Pre-Owned 2021 Toyota Highlander XLE,Toyota,32911 USD,SUV,Highlander,11/19/2024 11:30
used,Used 2021 Cadillac XT5,Pre-Owned 2021 Cadillac XT5 Premium Luxury,Cadillac,33309 USD,SUV,XT5,5/21/2024 2:56
used,Used 2019 Ram 1500,Pre-Owned 2019 Ram 1500 Laramie Crew Cab,Ram,33343 USD,Truck,1500,11/6/2024 23:33
used,Used 2015 Chevrolet Silverado 3500HD,Pre-Owned 2015 Chevrolet Silverado 3500HD LTZ Crew Cab,Chevrolet,34000 USD,Truck,Silverado 3500HD,9/17/2024 17:50
used,Used 2021 Chevrolet Silverado 1500,Pre-Owned 2021 Chevrolet Silverado 1500 LT Crew Cab,Chevrolet,35698 USD,Truck,Silverado 1500,3/12/2024 1:25
used,Used 2021 Cadillac XT5,Pre-Owned 2021 Cadillac XT5 Premium Luxury,Cadillac,34270 USD,SUV,XT5,6/6/2024 20:55
used,Used 2022 GMC Sierra 1500 Limited,Pre-Owned 2022 GMC Sierra 1500 Limited Elevation Double Cab,GMC,35062 USD,Truck,Sierra 1500 Limited,8/1/2024 12:53
used,Used 2023 Chevrolet Traverse,Pre-Owned 2023 Chevrolet Traverse LT Leather,Chevrolet,35890 USD,SUV,Traverse,7/10/2024 20:40
used,Used 2021 Chevrolet Blazer,Pre-Owned 2021 Chevrolet Blazer RS,Chevrolet,35982 USD,SUV,Blazer,12/22/2024 9:15
used,Used 2022 Buick Enclave,Pre-Owned 2022 Buick Enclave Avenir,Buick,36784 USD,SUV,Enclave,1/2/2024 9:18
used,Used 2021 Chevrolet Silverado 1500,Pre-Owned 2021 Chevrolet Silverado 1500 Custom Trail Boss Crew Cab,Chevrolet,34030 USD,Truck,Silverado 1500,2/29/2024 15:22
used,Used 2019 GMC Canyon,Pre-Owned 2019 GMC Canyon 4WD All Terrain w/Leather 4WD Crew Cab 1283 All Terrain wLeather,GMC,32780 USD,Truck,Canyon,5/27/2024 20:45
used,Used 2018 Toyota 4Runner,Pre-Owned 2018 Toyota 4Runner SR5 Premium,Toyota,30949 USD,SUV,4Runner,3/22/2024 16:50
used,Used 2020 Cadillac XT5,Pre-Owned 2020 Cadillac XT5 Premium Luxury,Cadillac,32415 USD,SUV,XT5,3/3/2024 12:36
used,Used 2022 Ram 1500,Pre-Owned 2022 Ram 1500 Big Horn,Ram,32386 USD,Truck,1500,7/4/2024 5:36
used,Used 2021 Buick Enclave,Pre-Owned 2021 Buick Enclave Essence,Buick,32354 USD,SUV,Enclave,1/26/2024 15:15
used,Used 2021 GMC Sierra 1500,Pre-Owned 2021 GMC Sierra 1500 SLT Crew Cab,GMC,31707 USD,Truck,Sierra 1500,5/18/2024 1:58
used,Used 2021 Buick Enclave,Pre-Owned 2021 Buick Enclave Essence,Buick,31280 USD,SUV,Enclave,3/18/2024 11:44
used,Used 2020 Ram 1500,Pre-Owned 2020 Ram 1500 Big Horn/Lone Star Crew Cab,Ram,31255 USD,Truck,1500,10/17/2024 23:32
used,Used 2022 GMC Acadia,Pre-Owned 2022 GMC Acadia AT4,GMC,30670 USD,SUV,Acadia,11/22/2024 14:59
used,Used 2021 Ram 1500,Pre-Owned 2021 Ram 1500 Big Horn/Lone Star Crew Cab,Ram,30651 USD,Truck,1500,3/4/2024 7:40
used,Used 2021 Buick Enclave,Pre-Owned 2021 Buick Enclave Essence,Buick,30227 USD,SUV,Enclave,11/1/2024 4:07
used,Used 2024 GMC Terrain,Pre-Owned 2024 GMC Terrain SLT,GMC,30000 USD,SUV,Terrain,10/7/2024 22:39
used,Used 2021 GMC Acadia,Pre-Owned 2021 GMC Acadia AT4,GMC,29894 USD,SUV,Acadia,9/11/2024 8:48
used,Used 2021 GMC Sierra 1500,Pre-Owned 2021 GMC Sierra 1500 Denali Crew Cab,GMC,38000 USD,Truck,Sierra 1500,10/22/2024 18:02
used,Used 2020 Honda Odyssey,Pre-Owned 2020 Honda Odyssey EX-L,Honda,28873 USD,Minivan,Odyssey,12/13/2024 1:03
used,Used 2021 Buick Enclave,Pre-Owned 2021 Buick Enclave Essence,Buick,32501 USD,SUV,Enclave,5/11/2024 20:25
used,Used 2019 GMC Sierra 1500,Pre-Owned 2019 GMC Sierra 1500 Denali Crew Cab,GMC,38324 USD,Truck,Sierra 1500,6/16/2024 8:32
used,Used 2022 GMC Yukon,Pre-Owned 2022 GMC Yukon Denali,GMC,65000 USD,SUV,Yukon,9/8/2024 4:13
used,Used 2024 GMC Savana 2500,Pre-Owned 2024 GMC Savana 2500 Work Van,GMC,40000 USD,Other,Savana 2500,11/30/2024 1:08
used,Used 2023 Buick Envision,Pre-Owned 2023 Buick Envision Preferred,Buick,28837 USD,SUV,Envision,5/18/2024 18:00
used,Used 2024 GMC Sierra 3500HD,Pre-Owned 2024 GMC Sierra 3500HD Denali Ultimate Crew Cab,GMC,88297 USD,Truck,Sierra 3500HD,6/25/2024 9:11
used,Used 2023 GMC Sierra 2500 HD,Pre-Owned 2023 GMC Sierra 2500 HD AT4 Crew Cab,GMC,62321 USD,Truck,Sierra 2500 HD,2/12/2024 5:49
used,Used 2013 International Workstar,Pre-Owned 2013 International Workstar 7500,International,60000 USD,Truck,Workstar,8/9/2024 4:47
used,Used 2021 Chevrolet Silverado 3500 HD,Pre-Owned 2021 Chevrolet Silverado 3500 HD LTZ Crew Cab,Chevrolet,59166 USD,Truck,Silverado 3500 HD,5/15/2024 1:21
used,Used 2023 GMC Sierra 2500HD,Pre-Owned 2023 GMC Sierra 2500HD SLE Double Cab,GMC,58000 USD,Truck,Sierra 2500HD,12/3/2024 15:32
used,Used 2022 Chevrolet Silverado 1500,Pre-Owned 2022 Chevrolet Silverado 1500 ZR2 Crew Cab,Chevrolet,56020 USD,Truck,Silverado 1500,8/12/2024 23:22
used,Used 2020 Chevrolet Silverado 3500HD,Pre-Owned 2020 Chevrolet Silverado 3500HD LTZ Crew Cab,Chevrolet,55421 USD,Truck,Silverado 3500HD,9/9/2024 20:48
used,Used 2022 Toyota Tundra Hybrid,Pre-Owned 2022 Toyota Tundra Hybrid 1794 Edition Crew Cab,Toyota,54977 USD,Truck,Tundra Hybrid,11/24/2024 6:23
used,Used 2021 GMC Yukon,Pre-Owned 2021 GMC Yukon AT4,GMC,52444 USD,SUV,Yukon,10/17/2024 5:52
used,Used 2022 Jeep Wagoneer,Pre-Owned 2022 Jeep Wagoneer Series III,Jeep,52158 USD,SUV,Wagoneer,10/24/2024 7:14
used,Used 2020 GMC Sierra 3500HD,Pre-Owned 2020 GMC Sierra 3500HD SLT Crew Cab,GMC,52000 USD,Truck,Sierra 3500HD,12/3/2024 21:56
used,Used 2023 Jeep Grand Cherokee,Pre-Owned 2023 Jeep Grand Cherokee Summit,Jeep,45936 USD,SUV,Grand Cherokee,10/31/2024 20:31
used,Used 2023 Chevrolet Silverado 1500,Pre-Owned 2023 Chevrolet Silverado 1500 RST Crew Cab,Chevrolet,44149 USD,Truck,Silverado 1500,10/5/2024 20:12
used,Used 2020 GMC Sierra 1500,Pre-Owned 2020 GMC Sierra 1500 AT4 Crew Cab,GMC,42252 USD,Truck,Sierra 1500,2/3/2024 18:29
used,Used 2023 GMC Sierra 1500,Pre-Owned 2023 GMC Sierra 1500 Elevation Double Cab,GMC,40810 USD,Truck,Sierra 1500,5/27/2024 4:32
used,Used 2022 Chevrolet Silverado 1500,Pre-Owned 2022 Chevrolet Silverado 1500 RST Crew Cab,Chevrolet,40000 USD,Truck,Silverado 1500,6/3/2024 3:07
used,Used 2021 Chevrolet Silverado 1500,Pre-Owned 2021 Chevrolet Silverado 1500 RST Crew Cab,Chevrolet,39000 USD,Truck,Silverado 1500,6/5/2024 15:25
used,Used 2022 Ford Bronco Sport,Pre-Owned 2022 Ford Bronco Sport Badlands,Ford,28640 USD,SUV,Bronco Sport,5/6/2024 19:07
used,Used 2021 GMC Terrain,Pre-Owned 2021 GMC Terrain SLE,GMC,21056 USD,SUV,Terrain,1/18/2024 0:58
used,Used 2020 Chevrolet Blazer,Pre-Owned 2020 Chevrolet Blazer RS,Chevrolet,26940 USD,SUV,Blazer,3/25/2024 1:29
used,Used 2023 Chevrolet Malibu,Pre-Owned 2023 Chevrolet Malibu LT,Chevrolet,21627 USD,Sedan,Malibu,11/19/2024 22:57
used,Used 2018 Buick Enclave,Pre-Owned 2018 Buick Enclave Premium Group,Buick,21520 USD,SUV,Enclave,8/25/2024 3:10
used,Used 2020 Chevrolet Blazer,Pre-Owned 2020 Chevrolet Blazer LT,Chevrolet,21456 USD,SUV,Blazer,10/6/2024 20:11
used,Used 2020 GMC Terrain,Pre-Owned 2020 GMC Terrain SLE,GMC,21000 USD,SUV,Terrain,3/12/2024 8:29
used,Used 2019 INFINITI QX60,Pre-Owned 2019 INFINITI QX60 LUXE,INFINITI,20903 USD,SUV,QX60,9/14/2024 23:17
used,Used 2018 Ram 1500,Pre-Owned 2018 Ram 1500 Big Horn Crew Cab,Ram,20806 USD,Truck,1500,8/19/2024 10:10
used,Used 2021 Chevrolet Equinox,Pre-Owned 2021 Chevrolet Equinox LT,Chevrolet,20780 USD,SUV,Equinox,2/8/2024 16:59
used,Used 2021 Chevrolet Equinox,Pre-Owned 2021 Chevrolet Equinox LT,Chevrolet,20602 USD,SUV,Equinox,5/28/2024 6:38
used,Used 2021 Chevrolet Equinox,Pre-Owned 2021 Chevrolet Equinox LT,Chevrolet,20526 USD,SUV,Equinox,9/7/2024 12:51
used,Used 2021 Chevrolet Equinox,Pre-Owned 2021 Chevrolet Equinox LT,Chevrolet,20317 USD,SUV,Equinox,11/1/2024 0:27
used,Used 2021 Chevrolet Equinox,Pre-Owned 2021 Chevrolet Equinox LT,Chevrolet,20049 USD,SUV,Equinox,4/11/2024 21:17
used,Used 2021 GMC Terrain,Pre-Owned 2021 GMC Terrain SLE,GMC,19936 USD,SUV,Terrain,5/17/2024 0:57
used,Used 2021 Chevrolet Equinox,Pre-Owned 2021 Chevrolet Equinox LT,Chevrolet,21852 USD,SUV,Equinox,1/11/2024 1:48
used,Used 2017 Ford Explorer,Pre-Owned 2017 Ford Explorer XLT,Ford,19035 USD,SUV,Explorer,5/27/2024 9:39
used,Used 2021 Chevrolet Equinox,Pre-Owned 2021 Chevrolet Equinox LT,Chevrolet,18539 USD,SUV,Equinox,11/28/2024 12:08
used,Used 2020 Buick Encore GX,Pre-Owned 2020 Buick Encore GX Select,Buick,18300 USD,SUV,Encore GX,11/3/2024 17:03
used,Used 2020 Chevrolet Equinox,Pre-Owned 2020 Chevrolet Equinox LT,Chevrolet,18000 USD,SUV,Equinox,9/23/2024 22:07
used,Used 2021 Mazda CX-30,Pre-Owned 2021 Mazda CX-30 Select,Mazda,17875 USD,SUV,CX-30,11/6/2024 22:01
used,Used 2021 Chevrolet Trax,Pre-Owned 2021 Chevrolet Trax LT,Chevrolet,17723 USD,SUV,Trax,11/24/2024 15:35
used,Used 2018 Chrysler Pacifica,Pre-Owned 2018 Chrysler Pacifica Touring L Plus,Chrysler,16574 USD,Van,Pacifica,6/14/2024 23:00
used,Used 2018 Ford Escape,Pre-Owned 2018 Ford Escape SE,Ford,16009 USD,SUV,Escape,5/21/2024 16:22
used,Used 2019 Subaru Outback,Pre-Owned 2019 Subaru Outback 2.5i,Subaru,14279 USD,Wagon,Outback,10/6/2024 15:55
used,Used 2014 Chevrolet Traverse,Pre-Owned 2014 Chevrolet Traverse LT,Chevrolet,11671 USD,SUV,Traverse,3/18/2024 23:15
used,Used 2012 Ram 1500,Pre-Owned 2012 Ram 1500 Express Standard Cab,Ram,10000 USD,Truck,1500,10/27/2024 3:21
used,Used 2014 Cadillac SRX,Pre-Owned 2014 Cadillac SRX Luxury,Cadillac,10000 USD,SUV,SRX,9/12/2024 10:58
used,Used 2013 Chrysler Town & Country,Pre-Owned 2013 Chrysler Town & Country Touring-L,Chrysler,8507 USD,Minivan,Town & Country,9/12/2024 16:59
used,Used 2011 Honda CR-V,Pre-Owned 2011 Honda CR-V EX-L,Honda,7809 USD,SUV,CR-V,7/14/2024 6:45
used,Used 2018 Cadillac XT5,Pre-Owned 2018 Cadillac XT5 FWD,Cadillac,18797 USD,SUV,XT5,10/19/2024 11:50
used,Used 2018 GMC Sierra 1500,Pre-Owned 2018 GMC Sierra 1500 SLT Crew Cab,GMC,28244 USD,Truck,Sierra 1500,5/3/2024 23:51
used,Used 2021 Chevrolet Equinox,Pre-Owned 2021 Chevrolet Equinox LT,Chevrolet,21934 USD,SUV,Equinox,7/30/2024 0:30
used,Used 2021 Chevrolet Equinox,Pre-Owned 2021 Chevrolet Equinox LT,Chevrolet,22118 USD,SUV,Equinox,1/21/2024 20:42
used,Used 2019 GMC Acadia,Pre-Owned 2019 GMC Acadia Denali,GMC,26918 USD,SUV,Acadia,1/3/2024 11:11
used,Used 2021 GMC Canyon,Pre-Owned 2021 GMC Canyon Elevation Standard,GMC,26743 USD,Truck,Canyon,1/8/2024 2:39
used,Used 2015 Cadillac Escalade,Pre-Owned 2015 Cadillac Escalade Luxury,Cadillac,26699 USD,SUV,Escalade,5/25/2024 18:21
used,Used 2021 Chevrolet Blazer,Pre-Owned 2021 Chevrolet Blazer LT,Chevrolet,26525 USD,SUV,Blazer,11/13/2024 9:26
used,Used 2020 Chevrolet Silverado 1500,Pre-Owned 2020 Chevrolet Silverado 1500 Custom Crew Cab,Chevrolet,26379 USD,Truck,Silverado 1500,11/18/2024 10:37
used,Used 2022 GMC Terrain,Pre-Owned 2022 GMC Terrain AT4,GMC,26228 USD,SUV,Terrain,11/29/2024 23:14
used,Used 2019 Toyota Highlander,Pre-Owned 2019 Toyota Highlander SE,Toyota,25713 USD,SUV,Highlander,1/27/2024 20:03
used,Used 2019 Ford Explorer,Pre-Owned 2019 Ford Explorer XLT,Ford,25442 USD,SUV,Explorer,9/14/2024 18:26
used,Used 2023 Buick Encore GX,Pre-Owned 2023 Buick Encore GX Select,Buick,25324 USD,SUV,Encore GX,11/21/2024 9:19
used,Used 2021 Chevrolet Blazer,Pre-Owned 2021 Chevrolet Blazer LT,Chevrolet,25254 USD,SUV,Blazer,9/15/2024 0:41
used,Used 2022 Chrysler Pacifica,Pre-Owned 2022 Chrysler Pacifica Touring L,Chrysler,25055 USD,Van,Pacifica,8/21/2024 19:22
used,Used 2022 Chrysler Pacifica,Pre-Owned 2022 Chrysler Pacifica Touring L,Chrysler,25000 USD,Van,Pacifica,1/9/2024 5:17
used,Used 2021 Chevrolet Blazer,Pre-Owned 2021 Chevrolet Blazer LT,Chevrolet,24804 USD,SUV,Blazer,8/1/2024 4:33
used,Used 2021 Subaru Crosstrek,Pre-Owned 2021 Subaru Crosstrek Premium,Subaru,21950 USD,SUV,Crosstrek,1/7/2024 18:30
used,Used 2022 Chrysler Pacifica,Pre-Owned 2022 Chrysler Pacifica Touring L,Chrysler,24667 USD,Van,Pacifica,3/28/2024 15:55
used,Used 2021 Buick Envision,Pre-Owned 2021 Buick Envision Preferred,Buick,24456 USD,SUV,Envision,8/27/2024 11:16
used,Used 2017 Ford F-150,Pre-Owned 2017 Ford F-150 XLT,Ford,24087 USD,Truck,F-150,8/25/2024 16:39
used,Used 2016 Chevrolet Silverado 1500,Pre-Owned 2016 Chevrolet Silverado 1500 LTZ 4WD Crew Cab 1435 LTZ w1LZ,Chevrolet,23500 USD,Truck,Silverado 1500,11/29/2024 12:18
used,Used 2020 GMC Sierra 1500,Pre-Owned 2020 GMC Sierra 1500 SLE Crew Cab,GMC,23313 USD,Truck,Sierra 1500,7/14/2024 23:21
used,Used 2022 Ford Edge,Pre-Owned 2022 Ford Edge SEL,Ford,23293 USD,SUV,Edge,7/15/2024 20:29
used,Used 2021 Chevrolet Equinox,Pre-Owned 2021 Chevrolet Equinox LT,Chevrolet,23105 USD,SUV,Equinox,3/17/2024 17:39
used,Used 2021 Chevrolet Blazer,Pre-Owned 2021 Chevrolet Blazer 3LT,Chevrolet,23067 USD,SUV,Blazer,10/5/2024 21:39
used,Used 2016 Chevrolet Suburban,Pre-Owned 2016 Chevrolet Suburban LT,Chevrolet,23000 USD,SUV,Suburban,7/8/2024 9:26
used,Used 2018 GMC Sierra 1500,Pre-Owned 2018 GMC Sierra 1500 SLT Crew Cab,GMC,22719 USD,Truck,Sierra 1500,3/24/2024 15:27
used,Used 2022 Buick Encore GX,Pre-Owned 2022 Buick Encore GX Preferred,Buick,22606 USD,SUV,Encore GX,11/25/2024 15:44
used,Used 2020 Toyota RAV4,Pre-Owned 2020 Toyota RAV4 XLE,Toyota,22556 USD,SUV,RAV4,9/4/2024 22:12
used,Used 2021 Chevrolet Equinox,Pre-Owned 2021 Chevrolet Equinox LT,Chevrolet,22233 USD,SUV,Equinox,11/6/2024 15:30
used,Used 2020 Ford Edge,Pre-Owned 2020 Ford Edge SEL,Ford,22145 USD,SUV,Edge,3/19/2024 0:17
used,Used 2022 GMC Terrain,Pre-Owned 2022 GMC Terrain SLE,GMC,24498 USD,SUV,Terrain,8/13/2024 2:12
cpo,CPO 2017 Ford F-150,Pre-Owned 2017 Ford F-150 XLT,Ford,24087 USD,Truck,F-150,4/2/2024 12:03
cpo,Used 2016 Chevrolet Silverado 1500,Pre-Owned 2016 Chevrolet Silverado 1500 LTZ 4WD Crew Cab 1435 LTZ w1LZ,Chevrolet,23500 USD,Truck,Silverado 1500,3/16/2024 8:59
cpo,Used 2020 GMC Sierra 1500,Pre-Owned 2020 GMC Sierra 1500 SLE Crew Cab,GMC,23313 USD,Truck,Sierra 1500,4/2/2024 8:16
cpo,Used 2022 Ford Edge,Pre-Owned 2022 Ford Edge SEL,Ford,23293 USD,SUV,Edge,11/4/2024 1:14
cpo,Used 2021 Chevrolet Equinox,Pre-Owned 2021 Chevrolet Equinox LT,Chevrolet,23105 USD,SUV,Equinox,5/22/2024 0:21
cpo,Used 2021 Chevrolet Blazer,Pre-Owned 2021 Chevrolet Blazer 3LT,Chevrolet,23067 USD,SUV,Blazer,3/30/2024 12:11
cpo,Used 2016 Chevrolet Suburban,Pre-Owned 2016 Chevrolet Suburban LT,Chevrolet,23000 USD,SUV,Suburban,3/30/2024 20:52
cpo,Used 2018 GMC Sierra 1500,Pre-Owned 2018 GMC Sierra 1500 SLT Crew Cab,GMC,22719 USD,Truck,Sierra 1500,1/1/2024 13:02
cpo,Used 2022 Buick Encore GX,Pre-Owned 2022 Buick Encore GX Preferred,Buick,22606 USD,SUV,Encore GX,5/12/2024 7:55
cpo,Used 2020 Toyota RAV4,Pre-Owned 2020 Toyota RAV4 XLE,Toyota,22556 USD,SUV,RAV4,3/6/2024 0:49
cpo,Used 2021 Chevrolet Equinox,Pre-Owned 2021 Chevrolet Equinox LT,Chevrolet,22233 USD,SUV,Equinox,4/26/2024 19:07
cpo,Used 2020 Ford Edge,Pre-Owned 2020 Ford Edge SEL,Ford,22145 USD,SUV,Edge,4/13/2024 6:52
cpo,Used 2022 GMC Terrain,Pre-Owned 2022 GMC Terrain SLE,GMC,24498 USD,SUV,Terrain,6/21/2024 4:10
